region,fips,population
United States,0,328239523
Mississippi,28,2976149
Missouri,29,6137428
Montana,30,1068778
Nebraska,31,1934408
Nevada,32,3080156
New Hampshire,33,1359711
New Jersey,34,8882190
New Mexico,35,2096829
New York,36,19453561
North Carolina,37,10488084
North Dakota,38,762062
Ohio,39,11689100
Oklahoma,40,3956971
Oregon,41,4217737
Pennsylvania,42,12801989
Rhode Island,44,1059361
South Carolina,45,5148714
South Dakota,46,884659
Tennessee,47,6829174
Texas,48,28995881
Vermont,50,623989
Utah,49,3205958
Virginia,51,8535519
Washington,53,7614893
West Virginia,54,1792147
Wisconsin,55,5822434
Wyoming,56,578759
Puerto Rico,72,3193694
Alabama,1,4903185
Alaska,2,731545
Arizona,4,7278717
Arkansas,5,3017804
California,6,39512223
Colorado,8,5758736
Delaware,10,973764
District of Columbia,11,705749
Connecticut,9,3565287
Florida,12,21477737
Georgia,13,10617423
Idaho,16,1787065
Hawaii,15,1415872
Illinois,17,12671821
Indiana,18,6732219
Iowa,19,3155070
Kansas,20,2913314
Kentucky,21,4467673
Louisiana,22,4648794
Maine,23,1344212
Maryland,24,6045680
Massachusetts,25,6892503
Michigan,26,9986857
Minnesota,27,5639632
Autauga County,1001,55869
Baldwin County,1003,223234
Barbour County,1005,24686
Bibb County,1007,22394
Blount County,1009,57826
Bullock County,1011,10101
Butler County,1013,19448
Calhoun County,1015,113605
Chambers County,1017,33254
Cherokee County,1019,26196
Chilton County,1021,44428
Choctaw County,1023,12589
Clarke County,1025,23622
Clay County,1027,13235
Cleburne County,1029,14910
Coffee County,1031,52342
Colbert County,1033,55241
Conecuh County,1035,12067
Coosa County,1037,10663
Covington County,1039,37049
Crenshaw County,1041,13772
Cullman County,1043,83768
Dale County,1045,49172
Dallas County,1047,37196
DeKalb County,1049,71513
Elmore County,1051,81209
Escambia County,1053,36633
Etowah County,1055,102268
Fayette County,1057,16302
Franklin County,1059,31362
Geneva County,1061,26271
Greene County,1063,8111
Hale County,1065,14651
Henry County,1067,17205
Houston County,1069,105882
Jackson County,1071,51626
Jefferson County,1073,658573
Lamar County,1075,13805
Lauderdale County,1077,92729
Lawrence County,1079,32924
Lee County,1081,164542
Limestone County,1083,98915
Lowndes County,1085,9726
Macon County,1087,18068
Madison County,1089,372909
Marengo County,1091,18863
Marion County,1093,29709
Marshall County,1095,96774
Mobile County,1097,413210
Monroe County,1099,20733
Montgomery County,1101,226486
Morgan County,1103,119679
Perry County,1105,8923
Pickens County,1107,19930
Pike County,1109,33114
Randolph County,1111,22722
Russell County,1113,57961
St. Clair County,1115,89512
Shelby County,1117,217702
Sumter County,1119,12427
Talladega County,1121,79978
Tallapoosa County,1123,40367
Tuscaloosa County,1125,209355
Walker County,1127,63521
Washington County,1129,16326
Wilcox County,1131,10373
Winston County,1133,23629
Aleutians East Borough,2013,3337
Aleutians West Census Area,2016,5634
Anchorage Municipality,2020,288000
Bethel Census Area,2050,18386
Bristol Bay Borough,2060,836
Denali Borough,2068,2097
Dillingham Census Area,2070,4916
Fairbanks North Star Borough,2090,96849
Haines Borough,2100,2530
Hoonah-Angoon Census Area,2105,2148
Juneau City and Borough,2110,31974
Kenai Peninsula Borough,2122,58708
Ketchikan Gateway Borough,2130,13901
Kodiak Island Borough,2150,12998
Kusilvak Census Area,2158,8314
Lake and Peninsula Borough,2164,1592
Matanuska-Susitna Borough,2170,108317
Nome Census Area,2180,10004
North Slope Borough,2185,9832
Northwest Arctic Borough,2188,7621
Petersburg Borough,2195,3266
Prince of Wales-Hyder Census Area,2198,6203
Sitka City and Borough,2220,8493
Skagway Municipality,2230,1183
Southeast Fairbanks Census Area,2240,6893
Valdez-Cordova Census Area,2261,9202
Wrangell City and Borough,2275,2502
Yakutat City and Borough,2282,579
Yukon-Koyukuk Census Area,2290,5230
Apache County,4001,71887
Cochise County,4003,125922
Coconino County,4005,143476
Gila County,4007,54018
Graham County,4009,38837
Greenlee County,4011,9498
La Paz County,4012,21108
Maricopa County,4013,4485414
Mohave County,4015,212181
Navajo County,4017,110924
Pima County,4019,1047279
Pinal County,4021,462789
Santa Cruz County,4023,46498
Yavapai County,4025,235099
Yuma County,4027,213787
Arkansas County,5001,17486
Ashley County,5003,19657
Baxter County,5005,41932
Benton County,5007,279141
Boone County,5009,37432
Bradley County,5011,10763
Calhoun County,5013,5189
Carroll County,5015,28380
Chicot County,5017,10118
Clark County,5019,22320
Clay County,5021,14551
Cleburne County,5023,24919
Cleveland County,5025,7956
Columbia County,5027,23457
Conway County,5029,20846
Craighead County,5031,110332
Crawford County,5033,63257
Crittenden County,5035,47955
Cross County,5037,16419
Dallas County,5039,7009
Desha County,5041,11361
Drew County,5043,18219
Faulkner County,5045,126007
Franklin County,5047,17715
Fulton County,5049,12477
Garland County,5051,99386
Grant County,5053,18265
Greene County,5055,45325
Hempstead County,5057,21532
Hot Spring County,5059,33771
Howard County,5061,13202
Independence County,5063,37825
Izard County,5065,13629
Jackson County,5067,16719
Jefferson County,5069,66824
Johnson County,5071,26578
Lafayette County,5073,6624
Lawrence County,5075,16406
Lee County,5077,8857
Lincoln County,5079,13024
Little River County,5081,12259
Logan County,5083,21466
Lonoke County,5085,73309
Madison County,5087,16576
Marion County,5089,16694
Miller County,5091,43257
Mississippi County,5093,40651
Monroe County,5095,6701
Montgomery County,5097,8986
Nevada County,5099,8252
Newton County,5101,7753
Ouachita County,5103,23382
Perry County,5105,10455
Phillips County,5107,17782
Pike County,5109,10718
Poinsett County,5111,23528
Polk County,5113,19964
Pope County,5115,64072
Prairie County,5117,8062
Pulaski County,5119,391911
Randolph County,5121,17958
St. Francis County,5123,24994
Saline County,5125,122437
Scott County,5127,10281
Searcy County,5129,7881
Sebastian County,5131,127827
Sevier County,5133,17007
Sharp County,5135,17442
Stone County,5137,12506
Union County,5139,38682
Van Buren County,5141,16545
Washington County,5143,239187
White County,5145,78753
Woodruff County,5147,6320
Yell County,5149,21341
Alameda County,6001,1671329
Alpine County,6003,1129
Amador County,6005,39752
Butte County,6007,219186
Calaveras County,6009,45905
Colusa County,6011,21547
Contra Costa County,6013,1153526
Del Norte County,6015,27812
El Dorado County,6017,192843
Fresno County,6019,999101
Glenn County,6021,28393
Humboldt County,6023,135558
Imperial County,6025,181215
Inyo County,6027,18039
Kern County,6029,900202
Kings County,6031,152940
Lake County,6033,64386
Lassen County,6035,30573
Los Angeles County,6037,10039107
Madera County,6039,157327
Marin County,6041,258826
Mariposa County,6043,17203
Mendocino County,6045,86749
Merced County,6047,277680
Modoc County,6049,8841
Mono County,6051,14444
Monterey County,6053,434061
Napa County,6055,137744
Nevada County,6057,99755
Orange County,6059,3175692
Placer County,6061,398329
Plumas County,6063,18807
Riverside County,6065,2470546
Sacramento County,6067,1552058
San Benito County,6069,62808
San Bernardino County,6071,2180085
San Diego County,6073,3338330
San Francisco County,6075,881549
San Joaquin County,6077,762148
San Luis Obispo County,6079,283111
San Mateo County,6081,766573
Santa Barbara County,6083,446499
Santa Clara County,6085,1927852
Santa Cruz County,6087,273213
Shasta County,6089,180080
Sierra County,6091,3005
Siskiyou County,6093,43539
Solano County,6095,447643
Sonoma County,6097,494336
Stanislaus County,6099,550660
Sutter County,6101,96971
Tehama County,6103,65084
Trinity County,6105,12285
Tulare County,6107,466195
Tuolumne County,6109,54478
Ventura County,6111,846006
Yolo County,6113,220500
Yuba County,6115,78668
Adams County,8001,517421
Alamosa County,8003,16233
Arapahoe County,8005,656590
Archuleta County,8007,14029
Baca County,8009,3581
Bent County,8011,5577
Boulder County,8013,326196
Broomfield County,8014,70465
Chaffee County,8015,20356
Cheyenne County,8017,1831
Clear Creek County,8019,9700
Conejos County,8021,8205
Costilla County,8023,3887
Crowley County,8025,6061
Custer County,8027,5068
Delta County,8029,31162
Denver County,8031,727211
Dolores County,8033,2055
Douglas County,8035,351154
Eagle County,8037,55127
Elbert County,8039,26729
El Paso County,8041,720403
Fremont County,8043,47839
Garfield County,8045,60061
Gilpin County,8047,6243
Grand County,8049,15734
Gunnison County,8051,17462
Hinsdale County,8053,820
Huerfano County,8055,6897
Jackson County,8057,1392
Jefferson County,8059,582881
Kiowa County,8061,1406
Kit Carson County,8063,7097
Lake County,8065,8127
La Plata County,8067,56221
Larimer County,8069,356899
Las Animas County,8071,14506
Lincoln County,8073,5701
Logan County,8075,22409
Mesa County,8077,154210
Mineral County,8079,769
Moffat County,8081,13283
Montezuma County,8083,26183
Montrose County,8085,42758
Morgan County,8087,29068
Otero County,8089,18278
Ouray County,8091,4952
Park County,8093,18845
Phillips County,8095,4265
Pitkin County,8097,17767
Prowers County,8099,12172
Pueblo County,8101,168424
Rio Blanco County,8103,6324
Rio Grande County,8105,11267
Routt County,8107,25638
Saguache County,8109,6824
San Juan County,8111,728
San Miguel County,8113,8179
Sedgwick County,8115,2248
Summit County,8117,31011
Teller County,8119,25388
Washington County,8121,4908
Weld County,8123,324492
Yuma County,8125,10019
Fairfield County,9001,943332
Hartford County,9003,891720
Litchfield County,9005,180333
Middlesex County,9007,162436
New Haven County,9009,854757
New London County,9011,265206
Tolland County,9013,150721
Windham County,9015,116782
Kent County,10001,180786
New Castle County,10003,558753
Sussex County,10005,234225
District of Columbia,11001,705749
Alachua County,12001,269043
Baker County,12003,29210
Bay County,12005,174705
Bradford County,12007,28201
Brevard County,12009,601942
Broward County,12011,1952778
Calhoun County,12013,14105
Charlotte County,12015,188910
Citrus County,12017,149657
Clay County,12019,219252
Collier County,12021,384902
Columbia County,12023,71686
DeSoto County,12027,38001
Dixie County,12029,16826
Duval County,12031,957755
Escambia County,12033,318316
Flagler County,12035,115081
Franklin County,12037,12125
Gadsden County,12039,45660
Gilchrist County,12041,18582
Glades County,12043,13811
Gulf County,12045,13639
Hamilton County,12047,14428
Hardee County,12049,26937
Hendry County,12051,42022
Hernando County,12053,193920
Highlands County,12055,106221
Hillsborough County,12057,1471968
Holmes County,12059,19617
Indian River County,12061,159923
Jackson County,12063,46414
Jefferson County,12065,14246
Lafayette County,12067,8422
Lake County,12069,367118
Lee County,12071,770577
Leon County,12073,293582
Levy County,12075,41503
Liberty County,12077,8354
Madison County,12079,18493
Manatee County,12081,403253
Marion County,12083,365579
Martin County,12085,161000
Miami-Dade County,12086,2716940
Monroe County,12087,74228
Nassau County,12089,88625
Okaloosa County,12091,210738
Okeechobee County,12093,42168
Orange County,12095,1393452
Osceola County,12097,375751
Palm Beach County,12099,1496770
Pasco County,12101,553947
Pinellas County,12103,974996
Polk County,12105,724777
Putnam County,12107,74521
St. Johns County,12109,264672
St. Lucie County,12111,328297
Santa Rosa County,12113,184313
Sarasota County,12115,433742
Seminole County,12117,471826
Sumter County,12119,132420
Suwannee County,12121,44417
Taylor County,12123,21569
Union County,12125,15237
Volusia County,12127,553284
Wakulla County,12129,33739
Walton County,12131,74071
Washington County,12133,25473
Appling County,13001,18386
Atkinson County,13003,8165
Bacon County,13005,11164
Baker County,13007,3038
Baldwin County,13009,44890
Banks County,13011,19234
Barrow County,13013,83240
Bartow County,13015,107738
Ben Hill County,13017,16700
Berrien County,13019,19397
Bibb County,13021,153159
Bleckley County,13023,12873
Brantley County,13025,19109
Brooks County,13027,15457
Bryan County,13029,39627
Bulloch County,13031,79608
Burke County,13033,22383
Butts County,13035,24936
Calhoun County,13037,6189
Camden County,13039,54666
Candler County,13043,10803
Carroll County,13045,119992
Catoosa County,13047,67580
Charlton County,13049,13392
Chatham County,13051,289430
Chattahoochee County,13053,10907
Chattooga County,13055,24789
Cherokee County,13057,258773
Clarke County,13059,128331
Clay County,13061,2834
Clayton County,13063,292256
Clinch County,13065,6618
Cobb County,13067,760141
Coffee County,13069,43273
Colquitt County,13071,45600
Columbia County,13073,156714
Cook County,13075,17270
Coweta County,13077,148509
Crawford County,13079,12404
Crisp County,13081,22372
Dade County,13083,16116
Dawson County,13085,26108
Decatur County,13087,26404
DeKalb County,13089,759297
Dodge County,13091,20605
Dooly County,13093,13390
Dougherty County,13095,87956
Douglas County,13097,146343
Early County,13099,10190
Echols County,13101,4006
Effingham County,13103,64296
Elbert County,13105,19194
Emanuel County,13107,22646
Evans County,13109,10654
Fannin County,13111,26188
Fayette County,13113,114421
Floyd County,13115,98498
Forsyth County,13117,244252
Franklin County,13119,23349
Fulton County,13121,1063937
Gilmer County,13123,31369
Glascock County,13125,2971
Glynn County,13127,85292
Gordon County,13129,57963
Grady County,13131,24633
Greene County,13133,18324
Gwinnett County,13135,936250
Habersham County,13137,45328
Hall County,13139,204441
Hancock County,13141,8457
Haralson County,13143,29792
Harris County,13145,35236
Hart County,13147,26205
Heard County,13149,11923
Henry County,13151,234561
Houston County,13153,157863
Irwin County,13155,9416
Jackson County,13157,72977
Jasper County,13159,14219
Jeff Davis County,13161,15115
Jefferson County,13163,15362
Jenkins County,13165,8676
Johnson County,13167,9643
Jones County,13169,28735
Lamar County,13171,19077
Lanier County,13173,10423
Laurens County,13175,47546
Lee County,13177,29992
Liberty County,13179,61435
Lincoln County,13181,7921
Long County,13183,19559
Lowndes County,13185,117406
Lumpkin County,13187,33610
McDuffie County,13189,21312
McIntosh County,13191,14378
Macon County,13193,12947
Madison County,13195,29880
Marion County,13197,8359
Meriwether County,13199,21167
Miller County,13201,5718
Mitchell County,13205,21863
Monroe County,13207,27578
Montgomery County,13209,9172
Morgan County,13211,19276
Murray County,13213,40096
Muscogee County,13215,195769
Newton County,13217,111744
Oconee County,13219,40280
Oglethorpe County,13221,15259
Paulding County,13223,168667
Peach County,13225,27546
Pickens County,13227,32591
Pierce County,13229,19465
Pike County,13231,18962
Polk County,13233,42613
Pulaski County,13235,11137
Putnam County,13237,22119
Quitman County,13239,2299
Rabun County,13241,17137
Randolph County,13243,6778
Richmond County,13245,202518
Rockdale County,13247,90896
Schley County,13249,5257
Screven County,13251,13966
Seminole County,13253,8090
Spalding County,13255,66703
Stephens County,13257,25925
Stewart County,13259,6621
Sumter County,13261,29524
Talbot County,13263,6195
Taliaferro County,13265,1537
Tattnall County,13267,25286
Taylor County,13269,8020
Telfair County,13271,15860
Terrell County,13273,8531
Thomas County,13275,44451
Tift County,13277,40644
Toombs County,13279,26830
Towns County,13281,12037
Treutlen County,13283,6901
Troup County,13285,69922
Turner County,13287,7985
Twiggs County,13289,8120
Union County,13291,24511
Upson County,13293,26320
Walker County,13295,69761
Walton County,13297,94593
Ware County,13299,35734
Warren County,13301,5254
Washington County,13303,20374
Wayne County,13305,29927
Webster County,13307,2607
Wheeler County,13309,7855
White County,13311,30798
Whitfield County,13313,104628
Wilcox County,13315,8635
Wilkes County,13317,9777
Wilkinson County,13319,8954
Worth County,13321,20247
Hawaii County,15001,201513
Honolulu County,15003,974563
Kalawao County,15005,86
Kauai County,15007,72293
Maui County,15009,167417
Ada County,16001,481587
Adams County,16003,4294
Bannock County,16005,87808
Bear Lake County,16007,6125
Benewah County,16009,9298
Bingham County,16011,46811
Blaine County,16013,23021
Boise County,16015,7831
Bonner County,16017,45739
Bonneville County,16019,119062
Boundary County,16021,12245
Butte County,16023,2597
Camas County,16025,1106
Canyon County,16027,229849
Caribou County,16029,7155
Cassia County,16031,24030
Clark County,16033,845
Clearwater County,16035,8756
Custer County,16037,4315
Elmore County,16039,27511
Franklin County,16041,13876
Fremont County,16043,13099
Gem County,16045,18112
Gooding County,16047,15179
Idaho County,16049,16667
Jefferson County,16051,29871
Jerome County,16053,24412
Kootenai County,16055,165697
Latah County,16057,40108
Lemhi County,16059,8027
Lewis County,16061,3838
Lincoln County,16063,5366
Madison County,16065,39907
Minidoka County,16067,21039
Nez Perce County,16069,40408
Oneida County,16071,4531
Owyhee County,16073,11823
Payette County,16075,23951
Power County,16077,7681
Shoshone County,16079,12882
Teton County,16081,12142
Twin Falls County,16083,86878
Valley County,16085,11392
Washington County,16087,10194
Adams County,17001,65435
Alexander County,17003,5761
Bond County,17005,16426
Boone County,17007,53544
Brown County,17009,6578
Bureau County,17011,32628
Calhoun County,17013,4739
Carroll County,17015,14305
Cass County,17017,12147
Champaign County,17019,209689
Christian County,17021,32304
Clark County,17023,15441
Clay County,17025,13184
Clinton County,17027,37562
Coles County,17029,50621
Cook County,17031,5150233
Crawford County,17033,18667
Cumberland County,17035,10766
DeKalb County,17037,104897
De Witt County,17039,15638
Douglas County,17041,19465
DuPage County,17043,922921
Edgar County,17045,17161
Edwards County,17047,6395
Effingham County,17049,34008
Fayette County,17051,21336
Ford County,17053,12961
Franklin County,17055,38469
Fulton County,17057,34340
Gallatin County,17059,4828
Greene County,17061,12969
Grundy County,17063,51054
Hamilton County,17065,8116
Hancock County,17067,17708
Hardin County,17069,3821
Henderson County,17071,6646
Henry County,17073,48913
Iroquois County,17075,27114
Jackson County,17077,56750
Jasper County,17079,9610
Jefferson County,17081,37684
Jersey County,17083,21773
Jo Daviess County,17085,21235
Johnson County,17087,12417
Kane County,17089,532403
Kankakee County,17091,109862
Kendall County,17093,128990
Knox County,17095,49699
Lake County,17097,696535
LaSalle County,17099,108669
Lawrence County,17101,15678
Lee County,17103,34096
Livingston County,17105,35648
Logan County,17107,28618
McDonough County,17109,29682
McHenry County,17111,307774
McLean County,17113,171517
Macon County,17115,104009
Macoupin County,17117,44926
Madison County,17119,262966
Marion County,17121,37205
Marshall County,17123,11438
Mason County,17125,13359
Massac County,17127,13772
Menard County,17129,12196
Mercer County,17131,15437
Monroe County,17133,34637
Montgomery County,17135,28414
Morgan County,17137,33658
Moultrie County,17139,14501
Ogle County,17141,50643
Peoria County,17143,179179
Perry County,17145,20916
Piatt County,17147,16344
Pike County,17149,15561
Pope County,17151,4177
Pulaski County,17153,5335
Putnam County,17155,5739
Randolph County,17157,31782
Richland County,17159,15513
Rock Island County,17161,141879
St. Clair County,17163,259686
Saline County,17165,23491
Sangamon County,17167,194672
Schuyler County,17169,6768
Scott County,17171,4951
Shelby County,17173,21634
Stark County,17175,5342
Stephenson County,17177,44498
Tazewell County,17179,131803
Union County,17181,16653
Vermilion County,17183,75758
Wabash County,17185,11520
Warren County,17187,16844
Washington County,17189,13887
Wayne County,17191,16215
White County,17193,13537
Whiteside County,17195,55175
Will County,17197,690743
Williamson County,17199,66597
Winnebago County,17201,282572
Woodford County,17203,38459
Adams County,18001,35777
Allen County,18003,379299
Bartholomew County,18005,83779
Benton County,18007,8748
Blackford County,18009,11758
Boone County,18011,67843
Brown County,18013,15092
Carroll County,18015,20257
Cass County,18017,37689
Clark County,18019,118302
Clay County,18021,26225
Clinton County,18023,32399
Crawford County,18025,10577
Daviess County,18027,33351
Dearborn County,18029,49458
Decatur County,18031,26559
DeKalb County,18033,43475
Delaware County,18035,114135
Dubois County,18037,42736
Elkhart County,18039,206341
Fayette County,18041,23102
Floyd County,18043,78522
Fountain County,18045,16346
Franklin County,18047,22758
Fulton County,18049,19974
Gibson County,18051,33659
Grant County,18053,65769
Greene County,18055,31922
Hamilton County,18057,338011
Hancock County,18059,78168
Harrison County,18061,40515
Hendricks County,18063,170311
Henry County,18065,47972
Howard County,18067,82544
Huntington County,18069,36520
Jackson County,18071,44231
Jasper County,18073,33562
Jay County,18075,20436
Jefferson County,18077,32308
Jennings County,18079,27735
Johnson County,18081,158167
Knox County,18083,36594
Kosciusko County,18085,79456
LaGrange County,18087,39614
Lake County,18089,485493
LaPorte County,18091,109888
Lawrence County,18093,45370
Madison County,18095,129569
Marion County,18097,964582
Marshall County,18099,46258
Martin County,18101,10255
Miami County,18103,35516
Monroe County,18105,148431
Montgomery County,18107,38338
Morgan County,18109,70489
Newton County,18111,13984
Noble County,18113,47744
Ohio County,18115,5875
Orange County,18117,19646
Owen County,18119,20799
Parke County,18121,16937
Perry County,18123,19169
Pike County,18125,12389
Porter County,18127,170389
Posey County,18129,25427
Pulaski County,18131,12353
Putnam County,18133,37576
Randolph County,18135,24665
Ripley County,18137,28324
Rush County,18139,16581
St. Joseph County,18141,271826
Scott County,18143,23873
Shelby County,18145,44729
Spencer County,18147,20277
Starke County,18149,22995
Steuben County,18151,34594
Sullivan County,18153,20669
Switzerland County,18155,10751
Tippecanoe County,18157,195732
Tipton County,18159,15148
Union County,18161,7054
Vanderburgh County,18163,181451
Vermillion County,18165,15498
Vigo County,18167,107038
Wabash County,18169,30996
Warren County,18171,8265
Warrick County,18173,62998
Washington County,18175,28036
Wayne County,18177,65884
Wells County,18179,28296
White County,18181,24102
Whitley County,18183,33964
Adair County,19001,7152
Adams County,19003,3602
Allamakee County,19005,13687
Appanoose County,19007,12426
Audubon County,19009,5496
Benton County,19011,25645
Black Hawk County,19013,131228
Boone County,19015,26234
Bremer County,19017,25062
Buchanan County,19019,21175
Buena Vista County,19021,19620
Butler County,19023,14439
Calhoun County,19025,9668
Carroll County,19027,20165
Cass County,19029,12836
Cedar County,19031,18627
Cerro Gordo County,19033,42450
Cherokee County,19035,11235
Chickasaw County,19037,11933
Clarke County,19039,9395
Clay County,19041,16016
Clayton County,19043,17549
Clinton County,19045,46429
Crawford County,19047,16820
Dallas County,19049,93453
Davis County,19051,9000
Decatur County,19053,7870
Delaware County,19055,17011
Des Moines County,19057,38967
Dickinson County,19059,17258
Dubuque County,19061,97311
Emmet County,19063,9208
Fayette County,19065,19650
Floyd County,19067,15642
Franklin County,19069,10070
Fremont County,19071,6960
Greene County,19073,8888
Grundy County,19075,12232
Guthrie County,19077,10689
Hamilton County,19079,14773
Hancock County,19081,10630
Hardin County,19083,16846
Harrison County,19085,14049
Henry County,19087,19954
Howard County,19089,9158
Humboldt County,19091,9558
Ida County,19093,6860
Iowa County,19095,16184
Jackson County,19097,19439
Jasper County,19099,37185
Jefferson County,19101,18295
Johnson County,19103,151140
Jones County,19105,20681
Keokuk County,19107,10246
Kossuth County,19109,14813
Lee County,19111,33657
Linn County,19113,226706
Louisa County,19115,11035
Lucas County,19117,8600
Lyon County,19119,11755
Madison County,19121,16338
Mahaska County,19123,22095
Marion County,19125,33253
Marshall County,19127,39369
Mills County,19129,15109
Mitchell County,19131,10586
Monona County,19133,8615
Monroe County,19135,7707
Montgomery County,19137,9917
Muscatine County,19139,42664
O'Brien County,19141,13753
Osceola County,19143,5958
Page County,19145,15107
Palo Alto County,19147,8886
Plymouth County,19149,25177
Pocahontas County,19151,6619
Polk County,19153,490161
Pottawattamie County,19155,93206
Poweshiek County,19157,18504
Ringgold County,19159,4894
Sac County,19161,9721
Scott County,19163,172943
Shelby County,19165,11454
Sioux County,19167,34855
Story County,19169,97117
Tama County,19171,16854
Taylor County,19173,6121
Union County,19175,12241
Van Buren County,19177,7044
Wapello County,19179,34969
Warren County,19181,51466
Washington County,19183,21965
Wayne County,19185,6441
Webster County,19187,35904
Winnebago County,19189,10354
Winneshiek County,19191,19991
Woodbury County,19193,103107
Worth County,19195,7381
Wright County,19197,12562
Allen County,20001,12369
Anderson County,20003,7858
Atchison County,20005,16073
Barber County,20007,4427
Barton County,20009,25779
Bourbon County,20011,14534
Brown County,20013,9564
Butler County,20015,66911
Chase County,20017,2648
Chautauqua County,20019,3250
Cherokee County,20021,19939
Cheyenne County,20023,2657
Clark County,20025,1994
Clay County,20027,8002
Cloud County,20029,8786
Coffey County,20031,8179
Comanche County,20033,1700
Cowley County,20035,34908
Crawford County,20037,38818
Decatur County,20039,2827
Dickinson County,20041,18466
Doniphan County,20043,7600
Douglas County,20045,122259
Edwards County,20047,2798
Elk County,20049,2530
Ellis County,20051,28553
Ellsworth County,20053,6102
Finney County,20055,36467
Ford County,20057,33619
Franklin County,20059,25544
Geary County,20061,31670
Gove County,20063,2636
Graham County,20065,2482
Grant County,20067,7150
Gray County,20069,5988
Greeley County,20071,1232
Greenwood County,20073,5982
Hamilton County,20075,2539
Harper County,20077,5436
Harvey County,20079,34429
Haskell County,20081,3968
Hodgeman County,20083,1794
Jackson County,20085,13171
Jefferson County,20087,19043
Jewell County,20089,2879
Johnson County,20091,602401
Kearny County,20093,3838
Kingman County,20095,7152
Kiowa County,20097,2475
Labette County,20099,19618
Lane County,20101,1535
Leavenworth County,20103,81758
Lincoln County,20105,2962
Linn County,20107,9703
Logan County,20109,2794
Lyon County,20111,33195
McPherson County,20113,28542
Marion County,20115,11884
Marshall County,20117,9707
Meade County,20119,4033
Miami County,20121,34237
Mitchell County,20123,5979
Montgomery County,20125,31829
Morris County,20127,5620
Morton County,20129,2587
Nemaha County,20131,10231
Neosho County,20133,16007
Ness County,20135,2750
Norton County,20137,5361
Osage County,20139,15949
Osborne County,20141,3421
Ottawa County,20143,5704
Pawnee County,20145,6414
Phillips County,20147,5234
Pottawatomie County,20149,24383
Pratt County,20151,9164
Rawlins County,20153,2530
Reno County,20155,61998
Republic County,20157,4636
Rice County,20159,9537
Riley County,20161,74232
Rooks County,20163,4920
Rush County,20165,3036
Russell County,20167,6856
Saline County,20169,54224
Scott County,20171,4823
Sedgwick County,20173,516042
Seward County,20175,21428
Shawnee County,20177,176875
Sheridan County,20179,2521
Sherman County,20181,5917
Smith County,20183,3583
Stafford County,20185,4156
Stanton County,20187,2006
Stevens County,20189,5485
Sumner County,20191,22836
Thomas County,20193,7777
Trego County,20195,2803
Wabaunsee County,20197,6931
Wallace County,20199,1518
Washington County,20201,5406
Wichita County,20203,2119
Wilson County,20205,8525
Woodson County,20207,3138
Wyandotte County,20209,165429
Adair County,21001,19202
Allen County,21003,21315
Anderson County,21005,22747
Ballard County,21007,7888
Barren County,21009,44249
Bath County,21011,12500
Bell County,21013,26032
Boone County,21015,133581
Bourbon County,21017,19788
Boyd County,21019,46718
Boyle County,21021,30060
Bracken County,21023,8303
Breathitt County,21025,12630
Breckinridge County,21027,20477
Bullitt County,21029,81676
Butler County,21031,12879
Caldwell County,21033,12747
Calloway County,21035,39001
Campbell County,21037,93584
Carlisle County,21039,4760
Carroll County,21041,10631
Carter County,21043,26797
Casey County,21045,16159
Christian County,21047,70461
Clark County,21049,36263
Clay County,21051,19901
Clinton County,21053,10218
Crittenden County,21055,8806
Cumberland County,21057,6614
Daviess County,21059,101511
Edmonson County,21061,12150
Elliott County,21063,7517
Estill County,21065,14106
Fayette County,21067,323152
Fleming County,21069,14581
Floyd County,21071,35589
Franklin County,21073,50991
Fulton County,21075,5969
Gallatin County,21077,8869
Garrard County,21079,17666
Grant County,21081,25069
Graves County,21083,37266
Grayson County,21085,26427
Green County,21087,10941
Greenup County,21089,35098
Hancock County,21091,8722
Hardin County,21093,110958
Harlan County,21095,26010
Harrison County,21097,18886
Hart County,21099,19035
Henderson County,21101,45210
Henry County,21103,16126
Hickman County,21105,4380
Hopkins County,21107,44686
Jackson County,21109,13329
Jefferson County,21111,766757
Jessamine County,21113,54115
Johnson County,21115,22188
Kenton County,21117,166998
Knott County,21119,14806
Knox County,21121,31145
Larue County,21123,14398
Laurel County,21125,60813
Lawrence County,21127,15317
Lee County,21129,7403
Leslie County,21131,9877
Letcher County,21133,21553
Lewis County,21135,13275
Lincoln County,21137,24549
Livingston County,21139,9194
Logan County,21141,27102
Lyon County,21143,8210
McCracken County,21145,65418
McCreary County,21147,17231
McLean County,21149,9207
Madison County,21151,92987
Magoffin County,21153,12161
Marion County,21155,19273
Marshall County,21157,31100
Martin County,21159,11195
Mason County,21161,17070
Meade County,21163,28572
Menifee County,21165,6489
Mercer County,21167,21933
Metcalfe County,21169,10071
Monroe County,21171,10650
Montgomery County,21173,28157
Morgan County,21175,13309
Muhlenberg County,21177,30622
Nelson County,21179,46233
Nicholas County,21181,7269
Ohio County,21183,23994
Oldham County,21185,66799
Owen County,21187,10901
Owsley County,21189,4415
Pendleton County,21191,14590
Perry County,21193,25758
Pike County,21195,57876
Powell County,21197,12359
Pulaski County,21199,64979
Robertson County,21201,2108
Rockcastle County,21203,16695
Rowan County,21205,24460
Russell County,21207,17923
Scott County,21209,57004
Shelby County,21211,49024
Simpson County,21213,18572
Spencer County,21215,19351
Taylor County,21217,25769
Todd County,21219,12294
Trigg County,21221,14651
Trimble County,21223,8471
Union County,21225,14381
Warren County,21227,132896
Washington County,21229,12095
Wayne County,21231,20333
Webster County,21233,12942
Whitley County,21235,36264
Wolfe County,21237,7157
Woodford County,21239,26734
Acadia Parish,22001,62045
Allen Parish,22003,25627
Ascension Parish,22005,126604
Assumption Parish,22007,21891
Avoyelles Parish,22009,40144
Beauregard Parish,22011,37497
Bienville Parish,22013,13241
Bossier Parish,22015,127039
Caddo Parish,22017,240204
Calcasieu Parish,22019,203436
Caldwell Parish,22021,9918
Cameron Parish,22023,6973
Catahoula Parish,22025,9494
Claiborne Parish,22027,15670
Concordia Parish,22029,19259
De Soto Parish,22031,27463
East Baton Rouge Parish,22033,440059
East Carroll Parish,22035,6861
East Feliciana Parish,22037,19135
Evangeline Parish,22039,33395
Franklin Parish,22041,20015
Grant Parish,22043,22389
Iberia Parish,22045,69830
Iberville Parish,22047,32511
Jackson Parish,22049,15744
Jefferson Parish,22051,432493
Jefferson Davis Parish,22053,31368
Lafayette Parish,22055,244390
Lafourche Parish,22057,97614
LaSalle Parish,22059,14892
Lincoln Parish,22061,46742
Livingston Parish,22063,140789
Madison Parish,22065,10951
Morehouse Parish,22067,24874
Natchitoches Parish,22069,38158
Orleans Parish,22071,390144
Ouachita Parish,22073,153279
Plaquemines Parish,22075,23197
Pointe Coupee Parish,22077,21730
Rapides Parish,22079,129648
Red River Parish,22081,8442
Richland Parish,22083,20122
Sabine Parish,22085,23884
St. Bernard Parish,22087,47244
St. Charles Parish,22089,53100
St. Helena Parish,22091,10132
St. James Parish,22093,21096
St. John the Baptist Parish,22095,42837
St. Landry Parish,22097,82124
St. Martin Parish,22099,53431
St. Mary Parish,22101,49348
St. Tammany Parish,22103,260419
Tangipahoa Parish,22105,134758
Tensas Parish,22107,4334
Terrebonne Parish,22109,110461
Union Parish,22111,22108
Vermilion Parish,22113,59511
Vernon Parish,22115,47429
Washington Parish,22117,46194
Webster Parish,22119,38340
West Baton Rouge Parish,22121,26465
West Carroll Parish,22123,10830
West Feliciana Parish,22125,15568
Winn Parish,22127,13904
Androscoggin County,23001,108277
Aroostook County,23003,67055
Cumberland County,23005,295003
Franklin County,23007,30199
Hancock County,23009,54987
Kennebec County,23011,122302
Knox County,23013,39772
Lincoln County,23015,34634
Oxford County,23017,57975
Penobscot County,23019,152148
Piscataquis County,23021,16785
Sagadahoc County,23023,35856
Somerset County,23025,50484
Waldo County,23027,39715
Washington County,23029,31379
York County,23031,207641
Allegany County,24001,70416
Anne Arundel County,24003,579234
Baltimore County,24005,827370
Calvert County,24009,92525
Caroline County,24011,33406
Carroll County,24013,168447
Cecil County,24015,102855
Charles County,24017,163257
Dorchester County,24019,31929
Frederick County,24021,259547
Garrett County,24023,29014
Harford County,24025,255441
Howard County,24027,325690
Kent County,24029,19422
Montgomery County,24031,1050688
Prince George's County,24033,909327
Queen Anne's County,24035,50381
St. Mary's County,24037,113510
Somerset County,24039,25616
Talbot County,24041,37181
Washington County,24043,151049
Wicomico County,24045,103609
Worcester County,24047,52276
Baltimore city,24510,593490
Barnstable County,25001,212990
Berkshire County,25003,124944
Bristol County,25005,565217
Dukes County,25007,17332
Essex County,25009,789034
Franklin County,25011,70180
Hampden County,25013,466372
Hampshire County,25015,160830
Middlesex County,25017,1611699
Nantucket County,25019,11399
Norfolk County,25021,706775
Plymouth County,25023,521202
Suffolk County,25025,803907
Worcester County,25027,830622
Alcona County,26001,10405
Alger County,26003,9108
Allegan County,26005,118081
Alpena County,26007,28405
Antrim County,26009,23324
Arenac County,26011,14883
Baraga County,26013,8209
Barry County,26015,61550
Bay County,26017,103126
Benzie County,26019,17766
Berrien County,26021,153401
Branch County,26023,43517
Calhoun County,26025,134159
Cass County,26027,51787
Charlevoix County,26029,26143
Cheboygan County,26031,25276
Chippewa County,26033,37349
Clare County,26035,30950
Clinton County,26037,79595
Crawford County,26039,14029
Delta County,26041,35784
Dickinson County,26043,25239
Eaton County,26045,110268
Emmet County,26047,33415
Genesee County,26049,405813
Gladwin County,26051,25449
Gogebic County,26053,13975
Grand Traverse County,26055,93088
Gratiot County,26057,40711
Hillsdale County,26059,45605
Houghton County,26061,35684
Huron County,26063,30981
Ingham County,26065,292406
Ionia County,26067,64697
Iosco County,26069,25127
Iron County,26071,11066
Isabella County,26073,69872
Jackson County,26075,158510
Kalamazoo County,26077,265066
Kalkaska County,26079,18038
Kent County,26081,656955
Keweenaw County,26083,2116
Lake County,26085,11853
Lapeer County,26087,87607
Leelanau County,26089,21761
Lenawee County,26091,98451
Livingston County,26093,191995
Luce County,26095,6229
Mackinac County,26097,10799
Macomb County,26099,873972
Manistee County,26101,24558
Marquette County,26103,66699
Mason County,26105,29144
Mecosta County,26107,43453
Menominee County,26109,22780
Midland County,26111,83156
Missaukee County,26113,15118
Monroe County,26115,150500
Montcalm County,26117,63888
Montmorency County,26119,9328
Muskegon County,26121,173566
Newaygo County,26123,48980
Oakland County,26125,1257584
Oceana County,26127,26467
Ogemaw County,26129,20997
Ontonagon County,26131,5720
Osceola County,26133,23460
Oscoda County,26135,8241
Otsego County,26137,24668
Ottawa County,26139,291830
Presque Isle County,26141,12592
Roscommon County,26143,24019
Saginaw County,26145,190539
St. Clair County,26147,159128
St. Joseph County,26149,60964
Sanilac County,26151,41170
Schoolcraft County,26153,8094
Shiawassee County,26155,68122
Tuscola County,26157,52245
Van Buren County,26159,75677
Washtenaw County,26161,367601
Wayne County,26163,1749343
Wexford County,26165,33631
Aitkin County,27001,15886
Anoka County,27003,356921
Becker County,27005,34423
Beltrami County,27007,47188
Benton County,27009,40889
Big Stone County,27011,4991
Blue Earth County,27013,67653
Brown County,27015,25008
Carlton County,27017,35871
Carver County,27019,105089
Cass County,27021,29779
Chippewa County,27023,11800
Chisago County,27025,56579
Clay County,27027,64222
Clearwater County,27029,8818
Cook County,27031,5463
Cottonwood County,27033,11196
Crow Wing County,27035,65055
Dakota County,27037,429021
Dodge County,27039,20934
Douglas County,27041,38141
Faribault County,27043,13653
Fillmore County,27045,21067
Freeborn County,27047,30281
Goodhue County,27049,46340
Grant County,27051,5972
Hennepin County,27053,1265843
Houston County,27055,18600
Hubbard County,27057,21491
Isanti County,27059,40596
Itasca County,27061,45130
Jackson County,27063,9846
Kanabec County,27065,16337
Kandiyohi County,27067,43199
Kittson County,27069,4298
Koochiching County,27071,12229
Lac qui Parle County,27073,6623
Lake County,27075,10641
Lake of the Woods County,27077,3740
Le Sueur County,27079,28887
Lincoln County,27081,5639
Lyon County,27083,25474
McLeod County,27085,35893
Mahnomen County,27087,5527
Marshall County,27089,9336
Martin County,27091,19683
Meeker County,27093,23222
Mille Lacs County,27095,26277
Morrison County,27097,33386
Mower County,27099,40062
Murray County,27101,8194
Nicollet County,27103,34274
Nobles County,27105,21629
Norman County,27107,6375
Olmsted County,27109,158293
Otter Tail County,27111,58746
Pennington County,27113,14119
Pine County,27115,29579
Pipestone County,27117,9126
Polk County,27119,31364
Pope County,27121,11249
Ramsey County,27123,550321
Red Lake County,27125,4055
Redwood County,27127,15170
Renville County,27129,14548
Rice County,27131,66972
Rock County,27133,9315
Roseau County,27135,15165
St. Louis County,27137,199070
Scott County,27139,149013
Sherburne County,27141,97238
Sibley County,27143,14865
Stearns County,27145,161075
Steele County,27147,36649
Stevens County,27149,9805
Swift County,27151,9266
Todd County,27153,24664
Traverse County,27155,3259
Wabasha County,27157,21627
Wadena County,27159,13682
Waseca County,27161,18612
Washington County,27163,262440
Watonwan County,27165,10897
Wilkin County,27167,6207
Winona County,27169,50484
Wright County,27171,138377
Yellow Medicine County,27173,9709
Adams County,28001,30693
Alcorn County,28003,36953
Amite County,28005,12297
Attala County,28007,18174
Benton County,28009,8259
Bolivar County,28011,30628
Calhoun County,28013,14361
Carroll County,28015,9947
Chickasaw County,28017,17103
Choctaw County,28019,8210
Claiborne County,28021,8988
Clarke County,28023,15541
Clay County,28025,19316
Coahoma County,28027,22124
Copiah County,28029,28065
Covington County,28031,18636
DeSoto County,28033,184945
Forrest County,28035,74897
Franklin County,28037,7713
George County,28039,24500
Greene County,28041,13586
Grenada County,28043,20758
Hancock County,28045,47632
Harrison County,28047,208080
Hinds County,28049,231840
Holmes County,28051,17010
Humphreys County,28053,8064
Issaquena County,28055,1327
Itawamba County,28057,23390
Jackson County,28059,143617
Jasper County,28061,16383
Jefferson County,28063,6990
Jefferson Davis County,28065,11128
Jones County,28067,68098
Kemper County,28069,9742
Lafayette County,28071,54019
Lamar County,28073,63343
Lauderdale County,28075,74125
Lawrence County,28077,12586
Leake County,28079,22786
Lee County,28081,85436
Leflore County,28083,28183
Lincoln County,28085,34153
Lowndes County,28087,58595
Madison County,28089,106272
Marion County,28091,24573
Marshall County,28093,35294
Monroe County,28095,35252
Montgomery County,28097,9775
Neshoba County,28099,29118
Newton County,28101,21018
Noxubee County,28103,10417
Oktibbeha County,28105,49587
Panola County,28107,34192
Pearl River County,28109,55535
Perry County,28111,11973
Pike County,28113,39288
Pontotoc County,28115,32174
Prentiss County,28117,25126
Quitman County,28119,6792
Rankin County,28121,155271
Scott County,28123,28124
Sharkey County,28125,4321
Simpson County,28127,26658
Smith County,28129,15916
Stone County,28131,18336
Sunflower County,28133,25110
Tallahatchie County,28135,13809
Tate County,28137,28321
Tippah County,28139,22015
Tishomingo County,28141,19383
Tunica County,28143,9632
Union County,28145,28815
Walthall County,28147,14286
Warren County,28149,45381
Washington County,28151,43909
Wayne County,28153,20183
Webster County,28155,9689
Wilkinson County,28157,8630
Winston County,28159,17955
Yalobusha County,28161,12108
Yazoo County,28163,29690
Adair County,29001,25343
Andrew County,29003,17712
Atchison County,29005,5143
Audrain County,29007,25388
Barry County,29009,35789
Barton County,29011,11754
Bates County,29013,16172
Benton County,29015,19443
Bollinger County,29017,12133
Boone County,29019,180463
Buchanan County,29021,87364
Butler County,29023,42478
Caldwell County,29025,9020
Callaway County,29027,44743
Camden County,29029,46305
Cape Girardeau County,29031,78871
Carroll County,29033,8679
Carter County,29035,5982
Cass County,29037,105780
Cedar County,29039,14349
Chariton County,29041,7426
Christian County,29043,88595
Clark County,29045,6797
Clay County,29047,249948
Clinton County,29049,20387
Cole County,29051,76745
Cooper County,29053,17709
Crawford County,29055,23920
Dade County,29057,7561
Dallas County,29059,16878
Daviess County,29061,8278
DeKalb County,29063,12547
Dent County,29065,15573
Douglas County,29067,13185
Dunklin County,29069,29131
Franklin County,29071,103967
Gasconade County,29073,14706
Gentry County,29075,6571
Greene County,29077,293086
Grundy County,29079,9850
Harrison County,29081,8352
Henry County,29083,21824
Hickory County,29085,9544
Holt County,29087,4403
Howard County,29089,10001
Howell County,29091,40117
Iron County,29093,10125
Jackson County,29095,703011
Jasper County,29097,121328
Jefferson County,29099,225081
Johnson County,29101,54062
Knox County,29103,3959
Laclede County,29105,35723
Lafayette County,29107,32708
Lawrence County,29109,38355
Lewis County,29111,9776
Lincoln County,29113,59013
Linn County,29115,11920
Livingston County,29117,15227
McDonald County,29119,22837
Macon County,29121,15117
Madison County,29123,12088
Maries County,29125,8697
Marion County,29127,28530
Mercer County,29129,3617
Miller County,29131,25619
Mississippi County,29133,13180
Moniteau County,29135,16132
Monroe County,29137,8644
Montgomery County,29139,11551
Morgan County,29141,20627
New Madrid County,29143,17076
Newton County,29145,58236
Nodaway County,29147,22092
Oregon County,29149,10529
Osage County,29151,13615
Ozark County,29153,9174
Pemiscot County,29155,15805
Perry County,29157,19136
Pettis County,29159,42339
Phelps County,29161,44573
Pike County,29163,18302
Platte County,29165,104418
Polk County,29167,32149
Pulaski County,29169,52607
Putnam County,29171,4696
Ralls County,29173,10309
Randolph County,29175,24748
Ray County,29177,23018
Reynolds County,29179,6270
Ripley County,29181,13288
St. Charles County,29183,402022
St. Clair County,29185,9397
Ste. Genevieve County,29186,17894
St. Francois County,29187,67215
St. Louis County,29189,994205
Saline County,29195,22761
Schuyler County,29197,4660
Scotland County,29199,4902
Scott County,29201,38280
Shannon County,29203,8166
Shelby County,29205,5930
Stoddard County,29207,29025
Stone County,29209,31952
Sullivan County,29211,6089
Taney County,29213,55928
Texas County,29215,25398
Vernon County,29217,20563
Warren County,29219,35649
Washington County,29221,24730
Wayne County,29223,12873
Webster County,29225,39592
Worth County,29227,2013
Wright County,29229,18289
St. Louis city,29510,300576
Beaverhead County,30001,9453
Big Horn County,30003,13319
Blaine County,30005,6681
Broadwater County,30007,6237
Carbon County,30009,10725
Carter County,30011,1252
Cascade County,30013,81366
Chouteau County,30015,5635
Custer County,30017,11402
Daniels County,30019,1690
Dawson County,30021,8613
Deer Lodge County,30023,9140
Fallon County,30025,2846
Fergus County,30027,11050
Flathead County,30029,103806
Gallatin County,30031,114434
Garfield County,30033,1258
Glacier County,30035,13753
Golden Valley County,30037,821
Granite County,30039,3379
Hill County,30041,16484
Jefferson County,30043,12221
Judith Basin County,30045,2007
Lake County,30047,30458
Lewis and Clark County,30049,69432
Liberty County,30051,2337
Lincoln County,30053,19980
McCone County,30055,1664
Madison County,30057,8600
Meagher County,30059,1862
Mineral County,30061,4397
Missoula County,30063,119600
Musselshell County,30065,4633
Park County,30067,16606
Petroleum County,30069,487
Phillips County,30071,3954
Pondera County,30073,5911
Powder River County,30075,1682
Powell County,30077,6890
Prairie County,30079,1077
Ravalli County,30081,43806
Richland County,30083,10803
Roosevelt County,30085,11004
Rosebud County,30087,8937
Sanders County,30089,12113
Sheridan County,30091,3309
Silver Bow County,30093,34915
Stillwater County,30095,9642
Sweet Grass County,30097,3737
Teton County,30099,6147
Toole County,30101,4736
Treasure County,30103,696
Valley County,30105,7396
Wheatland County,30107,2126
Wibaux County,30109,969
Yellowstone County,30111,161300
Adams County,31001,31363
Antelope County,31003,6298
Arthur County,31005,463
Banner County,31007,745
Blaine County,31009,465
Boone County,31011,5192
Box Butte County,31013,10783
Boyd County,31015,1919
Brown County,31017,2955
Buffalo County,31019,49659
Burt County,31021,6459
Butler County,31023,8016
Cass County,31025,26248
Cedar County,31027,8402
Chase County,31029,3924
Cherry County,31031,5689
Cheyenne County,31033,8910
Clay County,31035,6203
Colfax County,31037,10709
Cuming County,31039,8846
Custer County,31041,10777
Dakota County,31043,20026
Dawes County,31045,8589
Dawson County,31047,23595
Deuel County,31049,1794
Dixon County,31051,5636
Dodge County,31053,36565
Douglas County,31055,571327
Dundy County,31057,1693
Fillmore County,31059,5462
Franklin County,31061,2979
Frontier County,31063,2627
Furnas County,31065,4676
Gage County,31067,21513
Garden County,31069,1837
Garfield County,31071,1969
Gosper County,31073,1990
Grant County,31075,623
Greeley County,31077,2356
Hall County,31079,61353
Hamilton County,31081,9324
Harlan County,31083,3380
Hayes County,31085,922
Hitchcock County,31087,2762
Holt County,31089,10067
Hooker County,31091,682
Howard County,31093,6445
Jefferson County,31095,7046
Johnson County,31097,5071
Kearney County,31099,6495
Keith County,31101,8034
Keya Paha County,31103,806
Kimball County,31105,3632
Knox County,31107,8332
Lancaster County,31109,319090
Lincoln County,31111,34914
Logan County,31113,748
Loup County,31115,664
McPherson County,31117,494
Madison County,31119,35099
Merrick County,31121,7755
Morrill County,31123,4642
Nance County,31125,3519
Nemaha County,31127,6972
Nuckolls County,31129,4148
Otoe County,31131,16012
Pawnee County,31133,2613
Perkins County,31135,2891
Phelps County,31137,9034
Pierce County,31139,7148
Platte County,31141,33470
Polk County,31143,5213
Red Willow County,31145,10724
Richardson County,31147,7865
Rock County,31149,1357
Saline County,31151,14224
Sarpy County,31153,187196
Saunders County,31155,21578
Scotts Bluff County,31157,35618
Seward County,31159,17284
Sheridan County,31161,5246
Sherman County,31163,3001
Sioux County,31165,1166
Stanton County,31167,5920
Thayer County,31169,5003
Thomas County,31171,722
Thurston County,31173,7224
Valley County,31175,4158
Washington County,31177,20729
Wayne County,31179,9385
Webster County,31181,3487
Wheeler County,31183,783
York County,31185,13679
Churchill County,32001,24909
Clark County,32003,2266715
Douglas County,32005,48905
Elko County,32007,52778
Esmeralda County,32009,873
Eureka County,32011,2029
Humboldt County,32013,16831
Lander County,32015,5532
Lincoln County,32017,5183
Lyon County,32019,57510
Mineral County,32021,4505
Nye County,32023,46523
Pershing County,32027,6725
Storey County,32029,4123
Washoe County,32031,471519
White Pine County,32033,9580
Carson City,32510,55916
Belknap County,33001,61303
Carroll County,33003,48910
Cheshire County,33005,76085
Coos County,33007,31563
Grafton County,33009,89886
Hillsborough County,33011,417025
Merrimack County,33013,151391
Rockingham County,33015,309769
Strafford County,33017,130633
Sullivan County,33019,43146
Atlantic County,34001,263670
Bergen County,34003,932202
Burlington County,34005,445349
Camden County,34007,506471
Cape May County,34009,92039
Cumberland County,34011,149527
Essex County,34013,798975
Gloucester County,34015,291636
Hudson County,34017,672391
Hunterdon County,34019,124371
Mercer County,34021,367430
Middlesex County,34023,825062
Monmouth County,34025,618795
Morris County,34027,491845
Ocean County,34029,607186
Passaic County,34031,501826
Salem County,34033,62385
Somerset County,34035,328934
Sussex County,34037,140488
Union County,34039,556341
Warren County,34041,105267
Bernalillo County,35001,679121
Catron County,35003,3527
Chaves County,35005,64615
Cibola County,35006,26675
Colfax County,35007,11941
Curry County,35009,48954
De Baca County,35011,1748
Do√±a Ana County,35013,218195
Eddy County,35015,58460
Grant County,35017,26998
Guadalupe County,35019,4300
Harding County,35021,625
Hidalgo County,35023,4198
Lea County,35025,71070
Lincoln County,35027,19572
Los Alamos County,35028,19369
Luna County,35029,23709
McKinley County,35031,71367
Mora County,35033,4521
Otero County,35035,67490
Quay County,35037,8253
Rio Arriba County,35039,38921
Roosevelt County,35041,18500
Sandoval County,35043,146748
San Juan County,35045,123958
San Miguel County,35047,27277
Santa Fe County,35049,150358
Sierra County,35051,10791
Socorro County,35053,16637
Taos County,35055,32723
Torrance County,35057,15461
Union County,35059,4059
Valencia County,35061,76688
Albany County,36001,305506
Allegany County,36003,46091
Bronx County,36005,1418207
Broome County,36007,190488
Cattaraugus County,36009,76117
Cayuga County,36011,76576
Chautauqua County,36013,126903
Chemung County,36015,83456
Chenango County,36017,47207
Clinton County,36019,80485
Columbia County,36021,59461
Cortland County,36023,47581
Delaware County,36025,44135
Dutchess County,36027,294218
Erie County,36029,918702
Essex County,36031,36885
Franklin County,36033,50022
Fulton County,36035,53383
Genesee County,36037,57280
Greene County,36039,47188
Hamilton County,36041,4416
Herkimer County,36043,61319
Jefferson County,36045,109834
Kings County,36047,2559903
Lewis County,36049,26296
Livingston County,36051,62914
Madison County,36053,70941
Monroe County,36055,741770
Montgomery County,36057,49221
Nassau County,36059,1356924
New York County,36061,1628706
Niagara County,36063,209281
Oneida County,36065,228671
Onondaga County,36067,460528
Ontario County,36069,109777
Orange County,36071,384940
Orleans County,36073,40352
Oswego County,36075,117124
Otsego County,36077,59493
Putnam County,36079,98320
Queens County,36081,2253858
Rensselaer County,36083,158714
Richmond County,36085,476143
Rockland County,36087,325789
St. Lawrence County,36089,107740
Saratoga County,36091,229863
Schenectady County,36093,155299
Schoharie County,36095,30999
Schuyler County,36097,17807
Seneca County,36099,34016
Steuben County,36101,95379
Suffolk County,36103,1476601
Sullivan County,36105,75432
Tioga County,36107,48203
Tompkins County,36109,102180
Ulster County,36111,177573
Warren County,36113,63944
Washington County,36115,61204
Wayne County,36117,89918
Westchester County,36119,967506
Wyoming County,36121,39859
Yates County,36123,24913
Alamance County,37001,169509
Alexander County,37003,37497
Alleghany County,37005,11137
Anson County,37007,24446
Ashe County,37009,27203
Avery County,37011,17557
Beaufort County,37013,46994
Bertie County,37015,18947
Bladen County,37017,32722
Brunswick County,37019,142820
Buncombe County,37021,261191
Burke County,37023,90485
Cabarrus County,37025,216453
Caldwell County,37027,82178
Camden County,37029,10867
Carteret County,37031,69473
Caswell County,37033,22604
Catawba County,37035,159551
Chatham County,37037,74470
Cherokee County,37039,28612
Chowan County,37041,13943
Clay County,37043,11231
Cleveland County,37045,97947
Columbus County,37047,55508
Craven County,37049,102139
Cumberland County,37051,335509
Currituck County,37053,27763
Dare County,37055,37009
Davidson County,37057,167609
Davie County,37059,42846
Duplin County,37061,58741
Durham County,37063,321488
Edgecombe County,37065,51472
Forsyth County,37067,382295
Franklin County,37069,69685
Gaston County,37071,224529
Gates County,37073,11562
Graham County,37075,8441
Granville County,37077,60443
Greene County,37079,21069
Guilford County,37081,537174
Halifax County,37083,50010
Harnett County,37085,135976
Haywood County,37087,62317
Henderson County,37089,117417
Hertford County,37091,23677
Hoke County,37093,55234
Hyde County,37095,4937
Iredell County,37097,181806
Jackson County,37099,43938
Johnston County,37101,209339
Jones County,37103,9419
Lee County,37105,61779
Lenoir County,37107,55949
Lincoln County,37109,86111
McDowell County,37111,45756
Macon County,37113,35858
Madison County,37115,21755
Martin County,37117,22440
Mecklenburg County,37119,1110356
Mitchell County,37121,14964
Montgomery County,37123,27173
Moore County,37125,100880
Nash County,37127,94298
New Hanover County,37129,234473
Northampton County,37131,19483
Onslow County,37133,197938
Orange County,37135,148476
Pamlico County,37137,12726
Pasquotank County,37139,39824
Pender County,37141,63060
Perquimans County,37143,13463
Person County,37145,39490
Pitt County,37147,180742
Polk County,37149,20724
Randolph County,37151,143667
Richmond County,37153,44829
Robeson County,37155,130625
Rockingham County,37157,91010
Rowan County,37159,142088
Rutherford County,37161,67029
Sampson County,37163,63531
Scotland County,37165,34823
Stanly County,37167,62806
Stokes County,37169,45591
Surry County,37171,71783
Swain County,37173,14271
Transylvania County,37175,34385
Tyrrell County,37177,4016
Union County,37179,239859
Vance County,37181,44535
Wake County,37183,1111761
Warren County,37185,19731
Washington County,37187,11580
Watauga County,37189,56177
Wayne County,37191,123131
Wilkes County,37193,68412
Wilson County,37195,81801
Yadkin County,37197,37667
Yancey County,37199,18069
Adams County,38001,2216
Barnes County,38003,10415
Benson County,38005,6832
Billings County,38007,928
Bottineau County,38009,6282
Bowman County,38011,3024
Burke County,38013,2115
Burleigh County,38015,95626
Cass County,38017,181923
Cavalier County,38019,3762
Dickey County,38021,4872
Divide County,38023,2264
Dunn County,38025,4424
Eddy County,38027,2287
Emmons County,38029,3241
Foster County,38031,3210
Golden Valley County,38033,1761
Grand Forks County,38035,69451
Grant County,38037,2274
Griggs County,38039,2231
Hettinger County,38041,2499
Kidder County,38043,2480
LaMoure County,38045,4046
Logan County,38047,1850
McHenry County,38049,5745
McIntosh County,38051,2497
McKenzie County,38053,15024
McLean County,38055,9450
Mercer County,38057,8187
Morton County,38059,31364
Mountrail County,38061,10545
Nelson County,38063,2879
Oliver County,38065,1959
Pembina County,38067,6801
Pierce County,38069,3975
Ramsey County,38071,11519
Ransom County,38073,5218
Renville County,38075,2327
Richland County,38077,16177
Rolette County,38079,14176
Sargent County,38081,3898
Sheridan County,38083,1315
Sioux County,38085,4230
Slope County,38087,750
Stark County,38089,31489
Steele County,38091,1890
Stutsman County,38093,20704
Towner County,38095,2189
Traill County,38097,8036
Walsh County,38099,10641
Ward County,38101,67641
Wells County,38103,3834
Williams County,38105,37589
Adams County,39001,27698
Allen County,39003,102351
Ashland County,39005,53484
Ashtabula County,39007,97241
Athens County,39009,65327
Auglaize County,39011,45656
Belmont County,39013,67006
Brown County,39015,43432
Butler County,39017,383134
Carroll County,39019,26914
Champaign County,39021,38885
Clark County,39023,134083
Clermont County,39025,206428
Clinton County,39027,41968
Columbiana County,39029,101883
Coshocton County,39031,36600
Crawford County,39033,41494
Cuyahoga County,39035,1235072
Darke County,39037,51113
Defiance County,39039,38087
Delaware County,39041,209177
Erie County,39043,74266
Fairfield County,39045,157574
Fayette County,39047,28525
Franklin County,39049,1316756
Fulton County,39051,42126
Gallia County,39053,29898
Geauga County,39055,93649
Greene County,39057,168937
Guernsey County,39059,38875
Hamilton County,39061,817473
Hancock County,39063,75783
Hardin County,39065,31365
Harrison County,39067,15040
Henry County,39069,27006
Highland County,39071,43161
Hocking County,39073,28264
Holmes County,39075,43960
Huron County,39077,58266
Jackson County,39079,32413
Jefferson County,39081,65325
Knox County,39083,62322
Lake County,39085,230149
Lawrence County,39087,59463
Licking County,39089,176862
Logan County,39091,45672
Lorain County,39093,309833
Lucas County,39095,428348
Madison County,39097,44731
Mahoning County,39099,228683
Marion County,39101,65093
Medina County,39103,179746
Meigs County,39105,22907
Mercer County,39107,41172
Miami County,39109,106987
Monroe County,39111,13654
Montgomery County,39113,531687
Morgan County,39115,14508
Morrow County,39117,35328
Muskingum County,39119,86215
Noble County,39121,14424
Ottawa County,39123,40525
Paulding County,39125,18672
Perry County,39127,36134
Pickaway County,39129,58457
Pike County,39131,27772
Portage County,39133,162466
Preble County,39135,40882
Putnam County,39137,33861
Richland County,39139,121154
Ross County,39141,76666
Sandusky County,39143,58518
Scioto County,39145,75314
Seneca County,39147,55178
Shelby County,39149,48590
Stark County,39151,370606
Summit County,39153,541013
Trumbull County,39155,197974
Tuscarawas County,39157,91987
Union County,39159,58988
Van Wert County,39161,28275
Vinton County,39163,13085
Warren County,39165,234602
Washington County,39167,59911
Wayne County,39169,115710
Williams County,39171,36692
Wood County,39173,130817
Wyandot County,39175,21772
Adair County,40001,22194
Alfalfa County,40003,5702
Atoka County,40005,13758
Beaver County,40007,5311
Beckham County,40009,21859
Blaine County,40011,9429
Bryan County,40013,47995
Caddo County,40015,28762
Canadian County,40017,148306
Carter County,40019,48111
Cherokee County,40021,48657
Choctaw County,40023,14672
Cimarron County,40025,2137
Cleveland County,40027,284014
Coal County,40029,5495
Comanche County,40031,120749
Cotton County,40033,5666
Craig County,40035,14142
Creek County,40037,71522
Custer County,40039,29003
Delaware County,40041,43009
Dewey County,40043,4891
Ellis County,40045,3859
Garfield County,40047,61056
Garvin County,40049,27711
Grady County,40051,55834
Grant County,40053,4333
Greer County,40055,5712
Harmon County,40057,2653
Harper County,40059,3688
Haskell County,40061,12627
Hughes County,40063,13279
Jackson County,40065,24530
Jefferson County,40067,6002
Johnston County,40069,11085
Kay County,40071,43538
Kingfisher County,40073,15765
Kiowa County,40075,8708
Latimer County,40077,10073
Le Flore County,40079,49853
Lincoln County,40081,34877
Logan County,40083,48011
Love County,40085,10253
McClain County,40087,40474
McCurtain County,40089,32832
McIntosh County,40091,19596
Major County,40093,7629
Marshall County,40095,16931
Mayes County,40097,41100
Murray County,40099,14073
Muskogee County,40101,67997
Noble County,40103,11131
Nowata County,40105,10076
Okfuskee County,40107,11993
Oklahoma County,40109,797434
Okmulgee County,40111,38465
Osage County,40113,46963
Ottawa County,40115,31127
Pawnee County,40117,16376
Payne County,40119,81784
Pittsburg County,40121,43654
Pontotoc County,40123,38284
Pottawatomie County,40125,72592
Pushmataha County,40127,11096
Roger Mills County,40129,3583
Rogers County,40131,92459
Seminole County,40133,24258
Sequoyah County,40135,41569
Stephens County,40137,43143
Texas County,40139,19983
Tillman County,40141,7250
Tulsa County,40143,651552
Wagoner County,40145,81289
Washington County,40147,51527
Washita County,40149,10916
Woods County,40151,8793
Woodward County,40153,20211
Baker County,41001,16124
Benton County,41003,93053
Clackamas County,41005,418187
Clatsop County,41007,40224
Columbia County,41009,52354
Coos County,41011,64487
Crook County,41013,24404
Curry County,41015,22925
Deschutes County,41017,197692
Douglas County,41019,110980
Gilliam County,41021,1912
Grant County,41023,7199
Harney County,41025,7393
Hood River County,41027,23382
Jackson County,41029,220944
Jefferson County,41031,24658
Josephine County,41033,87487
Klamath County,41035,68238
Lake County,41037,7869
Lane County,41039,382067
Lincoln County,41041,49962
Linn County,41043,129749
Malheur County,41045,30571
Marion County,41047,347818
Morrow County,41049,11603
Multnomah County,41051,812855
Polk County,41053,86085
Sherman County,41055,1780
Tillamook County,41057,27036
Umatilla County,41059,77950
Union County,41061,26835
Wallowa County,41063,7208
Wasco County,41065,26682
Washington County,41067,601592
Wheeler County,41069,1332
Yamhill County,41071,107100
Adams County,42001,103009
Allegheny County,42003,1216045
Armstrong County,42005,64735
Beaver County,42007,163929
Bedford County,42009,47888
Berks County,42011,421164
Blair County,42013,121829
Bradford County,42015,60323
Bucks County,42017,628270
Butler County,42019,187853
Cambria County,42021,130192
Cameron County,42023,4447
Carbon County,42025,64182
Centre County,42027,162385
Chester County,42029,524989
Clarion County,42031,38438
Clearfield County,42033,79255
Clinton County,42035,38632
Columbia County,42037,64964
Crawford County,42039,84629
Cumberland County,42041,253370
Dauphin County,42043,278299
Delaware County,42045,566747
Elk County,42047,29910
Erie County,42049,269728
Fayette County,42051,129274
Forest County,42053,7247
Franklin County,42055,155027
Fulton County,42057,14530
Greene County,42059,36233
Huntingdon County,42061,45144
Indiana County,42063,84073
Jefferson County,42065,43425
Juniata County,42067,24763
Lackawanna County,42069,209674
Lancaster County,42071,545724
Lawrence County,42073,85512
Lebanon County,42075,141793
Lehigh County,42077,369318
Luzerne County,42079,317417
Lycoming County,42081,113299
McKean County,42083,40625
Mercer County,42085,109424
Mifflin County,42087,46138
Monroe County,42089,170271
Montgomery County,42091,830915
Montour County,42093,18230
Northampton County,42095,305285
Northumberland County,42097,90843
Perry County,42099,46272
Philadelphia County,42101,1584064
Pike County,42103,55809
Potter County,42105,16526
Schuylkill County,42107,141359
Snyder County,42109,40372
Somerset County,42111,73447
Sullivan County,42113,6066
Susquehanna County,42115,40328
Tioga County,42117,40591
Union County,42119,44923
Venango County,42121,50668
Warren County,42123,39191
Washington County,42125,206865
Wayne County,42127,51361
Westmoreland County,42129,348899
Wyoming County,42131,26794
York County,42133,449058
Bristol County,44001,48479
Kent County,44003,164292
Newport County,44005,82082
Providence County,44007,638931
Washington County,44009,125577
Abbeville County,45001,24527
Aiken County,45003,170872
Allendale County,45005,8688
Anderson County,45007,202558
Bamberg County,45009,14066
Barnwell County,45011,20866
Beaufort County,45013,192122
Berkeley County,45015,227907
Calhoun County,45017,14553
Charleston County,45019,411406
Cherokee County,45021,57300
Chester County,45023,32244
Chesterfield County,45025,45650
Clarendon County,45027,33745
Colleton County,45029,37677
Darlington County,45031,66618
Dillon County,45033,30479
Dorchester County,45035,162809
Edgefield County,45037,27260
Fairfield County,45039,22347
Florence County,45041,138293
Georgetown County,45043,62680
Greenville County,45045,523542
Greenwood County,45047,70811
Hampton County,45049,19222
Horry County,45051,354081
Jasper County,45053,30073
Kershaw County,45055,66551
Lancaster County,45057,98012
Laurens County,45059,67493
Lee County,45061,16828
Lexington County,45063,298750
McCormick County,45065,9463
Marion County,45067,30657
Marlboro County,45069,26118
Newberry County,45071,38440
Oconee County,45073,79546
Orangeburg County,45075,86175
Pickens County,45077,126884
Richland County,45079,415759
Saluda County,45081,20473
Spartanburg County,45083,319785
Sumter County,45085,106721
Union County,45087,27316
Williamsburg County,45089,30368
York County,45091,280979
Aurora County,46003,2751
Beadle County,46005,18453
Bennett County,46007,3365
Bon Homme County,46009,6901
Brookings County,46011,35077
Brown County,46013,38839
Brule County,46015,5297
Buffalo County,46017,1962
Butte County,46019,10429
Campbell County,46021,1376
Charles Mix County,46023,9292
Clark County,46025,3736
Clay County,46027,14070
Codington County,46029,28009
Corson County,46031,4086
Custer County,46033,8972
Davison County,46035,19775
Day County,46037,5424
Deuel County,46039,4351
Dewey County,46041,5892
Douglas County,46043,2921
Edmunds County,46045,3829
Fall River County,46047,6713
Faulk County,46049,2299
Grant County,46051,7052
Gregory County,46053,4185
Haakon County,46055,1899
Hamlin County,46057,6164
Hand County,46059,3191
Hanson County,46061,3453
Harding County,46063,1298
Hughes County,46065,17526
Hutchinson County,46067,7291
Hyde County,46069,1301
Jackson County,46071,3344
Jerauld County,46073,2013
Jones County,46075,903
Kingsbury County,46077,4939
Lake County,46079,12797
Lawrence County,46081,25844
Lincoln County,46083,61128
Lyman County,46085,3781
McCook County,46087,5586
McPherson County,46089,2379
Marshall County,46091,4935
Meade County,46093,28332
Mellette County,46095,2061
Miner County,46097,2216
Minnehaha County,46099,193134
Moody County,46101,6576
Oglala Lakota County,46102,14177
Pennington County,46103,113775
Perkins County,46105,2865
Potter County,46107,2153
Roberts County,46109,10394
Sanborn County,46111,2344
Spink County,46115,6376
Stanley County,46117,3098
Sully County,46119,1391
Todd County,46121,10177
Tripp County,46123,5441
Turner County,46125,8384
Union County,46127,15932
Walworth County,46129,5435
Yankton County,46135,22814
Ziebach County,46137,2756
Anderson County,47001,76978
Bedford County,47003,49713
Benton County,47005,16160
Bledsoe County,47007,15064
Blount County,47009,133088
Bradley County,47011,108110
Campbell County,47013,39842
Cannon County,47015,14678
Carroll County,47017,27767
Carter County,47019,56391
Cheatham County,47021,40667
Chester County,47023,17297
Claiborne County,47025,31959
Clay County,47027,7615
Cocke County,47029,36004
Coffee County,47031,56520
Crockett County,47033,14230
Cumberland County,47035,60520
Davidson County,47037,694144
Decatur County,47039,11663
DeKalb County,47041,20490
Dickson County,47043,53948
Dyer County,47045,37159
Fayette County,47047,41133
Fentress County,47049,18523
Franklin County,47051,42208
Gibson County,47053,49133
Giles County,47055,29464
Grainger County,47057,23320
Greene County,47059,69069
Grundy County,47061,13427
Hamblen County,47063,64934
Hamilton County,47065,367804
Hancock County,47067,6620
Hardeman County,47069,25050
Hardin County,47071,25652
Hawkins County,47073,56786
Haywood County,47075,17304
Henderson County,47077,28117
Henry County,47079,32345
Hickman County,47081,25178
Houston County,47083,8201
Humphreys County,47085,18582
Jackson County,47087,11786
Jefferson County,47089,54495
Johnson County,47091,17788
Knox County,47093,470313
Lake County,47095,7016
Lauderdale County,47097,25633
Lawrence County,47099,44142
Lewis County,47101,12268
Lincoln County,47103,34366
Loudon County,47105,54068
McMinn County,47107,53794
McNairy County,47109,25694
Macon County,47111,24602
Madison County,47113,97984
Marion County,47115,28907
Marshall County,47117,34375
Maury County,47119,96387
Meigs County,47121,12422
Monroe County,47123,46545
Montgomery County,47125,208993
Moore County,47127,6488
Morgan County,47129,21403
Obion County,47131,30069
Overton County,47133,22241
Perry County,47135,8076
Pickett County,47137,5048
Polk County,47139,16832
Putnam County,47141,80245
Rhea County,47143,33167
Roane County,47145,53382
Robertson County,47147,71813
Rutherford County,47149,332285
Scott County,47151,22068
Sequatchie County,47153,15026
Sevier County,47155,98250
Shelby County,47157,937166
Smith County,47159,20157
Stewart County,47161,13715
Sullivan County,47163,158348
Sumner County,47165,191283
Tipton County,47167,61599
Trousdale County,47169,11284
Unicoi County,47171,17883
Union County,47173,19972
Van Buren County,47175,5872
Warren County,47177,41277
Washington County,47179,129375
Wayne County,47181,16673
Weakley County,47183,33328
White County,47185,27345
Williamson County,47187,238412
Wilson County,47189,144657
Anderson County,48001,57735
Andrews County,48003,18705
Angelina County,48005,86715
Aransas County,48007,23510
Archer County,48009,8553
Armstrong County,48011,1887
Atascosa County,48013,51153
Austin County,48015,30032
Bailey County,48017,7000
Bandera County,48019,23112
Bastrop County,48021,88723
Baylor County,48023,3509
Bee County,48025,32565
Bell County,48027,362924
Bexar County,48029,2003554
Blanco County,48031,11931
Borden County,48033,654
Bosque County,48035,18685
Bowie County,48037,93245
Brazoria County,48039,374264
Brazos County,48041,229211
Brewster County,48043,9203
Briscoe County,48045,1546
Brooks County,48047,7093
Brown County,48049,37864
Burleson County,48051,18443
Burnet County,48053,48155
Caldwell County,48055,43664
Calhoun County,48057,21290
Callahan County,48059,13943
Cameron County,48061,423163
Camp County,48063,13094
Carson County,48065,5926
Cass County,48067,30026
Castro County,48069,7530
Chambers County,48071,43837
Cherokee County,48073,52646
Childress County,48075,7306
Clay County,48077,10471
Cochran County,48079,2853
Coke County,48081,3387
Coleman County,48083,8175
Collin County,48085,1034730
Collingsworth County,48087,2920
Colorado County,48089,21493
Comal County,48091,156209
Comanche County,48093,13635
Concho County,48095,2726
Cooke County,48097,41257
Coryell County,48099,75951
Cottle County,48101,1398
Crane County,48103,4797
Crockett County,48105,3464
Crosby County,48107,5737
Culberson County,48109,2171
Dallam County,48111,7287
Dallas County,48113,2635516
Dawson County,48115,12728
Deaf Smith County,48117,18546
Delta County,48119,5331
Denton County,48121,887207
DeWitt County,48123,20160
Dickens County,48125,2211
Dimmit County,48127,10124
Donley County,48129,3278
Duval County,48131,11157
Eastland County,48133,18360
Ector County,48135,166223
Edwards County,48137,1932
Ellis County,48139,184826
El Paso County,48141,839238
Erath County,48143,42698
Falls County,48145,17297
Fannin County,48147,35514
Fayette County,48149,25346
Fisher County,48151,3830
Floyd County,48153,5712
Foard County,48155,1155
Fort Bend County,48157,811688
Franklin County,48159,10725
Freestone County,48161,19717
Frio County,48163,20306
Gaines County,48165,21492
Galveston County,48167,342139
Garza County,48169,6229
Gillespie County,48171,26988
Glasscock County,48173,1409
Goliad County,48175,7658
Gonzales County,48177,20837
Gray County,48179,21886
Grayson County,48181,136212
Gregg County,48183,123945
Grimes County,48185,28880
Guadalupe County,48187,166847
Hale County,48189,33406
Hall County,48191,2964
Hamilton County,48193,8461
Hansford County,48195,5399
Hardeman County,48197,3933
Hardin County,48199,57602
Harris County,48201,4713325
Harrison County,48203,66553
Hartley County,48205,5576
Haskell County,48207,5658
Hays County,48209,230191
Hemphill County,48211,3819
Henderson County,48213,82737
Hidalgo County,48215,868707
Hill County,48217,36649
Hockley County,48219,23021
Hood County,48221,61643
Hopkins County,48223,37084
Houston County,48225,22968
Howard County,48227,36664
Hudspeth County,48229,4886
Hunt County,48231,98594
Hutchinson County,48233,20938
Irion County,48235,1536
Jack County,48237,8935
Jackson County,48239,14760
Jasper County,48241,35529
Jeff Davis County,48243,2274
Jefferson County,48245,251565
Jim Hogg County,48247,5200
Jim Wells County,48249,40482
Johnson County,48251,175817
Jones County,48253,20083
Karnes County,48255,15601
Kaufman County,48257,136154
Kendall County,48259,47431
Kenedy County,48261,404
Kent County,48263,762
Kerr County,48265,52600
Kimble County,48267,4337
King County,48269,272
Kinney County,48271,3667
Kleberg County,48273,30680
Knox County,48275,3664
Lamar County,48277,49859
Lamb County,48279,12893
Lampasas County,48281,21428
La Salle County,48283,7520
Lavaca County,48285,20154
Lee County,48287,17239
Leon County,48289,17404
Liberty County,48291,88219
Limestone County,48293,23437
Lipscomb County,48295,3233
Live Oak County,48297,12207
Llano County,48299,21795
Loving County,48301,169
Lubbock County,48303,310569
Lynn County,48305,5951
McCulloch County,48307,7984
McLennan County,48309,256623
McMullen County,48311,743
Madison County,48313,14284
Marion County,48315,9854
Martin County,48317,5771
Mason County,48319,4274
Matagorda County,48321,36643
Maverick County,48323,58722
Medina County,48325,51584
Menard County,48327,2138
Midland County,48329,176832
Milam County,48331,24823
Mills County,48333,4873
Mitchell County,48335,8545
Montague County,48337,19818
Montgomery County,48339,607391
Moore County,48341,20940
Morris County,48343,12388
Motley County,48345,1200
Nacogdoches County,48347,65204
Navarro County,48349,50113
Newton County,48351,13595
Nolan County,48353,14714
Nueces County,48355,362294
Ochiltree County,48357,9836
Oldham County,48359,2112
Orange County,48361,83396
Palo Pinto County,48363,29189
Panola County,48365,23194
Parker County,48367,142878
Parmer County,48369,9605
Pecos County,48371,15823
Polk County,48373,51353
Potter County,48375,117415
Presidio County,48377,6704
Rains County,48379,12514
Randall County,48381,137713
Reagan County,48383,3849
Real County,48385,3452
Red River County,48387,12023
Reeves County,48389,15976
Refugio County,48391,6948
Roberts County,48393,854
Robertson County,48395,17074
Rockwall County,48397,104915
Runnels County,48399,10264
Rusk County,48401,54406
Sabine County,48403,10542
San Augustine County,48405,8237
San Jacinto County,48407,28859
San Patricio County,48409,66730
San Saba County,48411,6055
Schleicher County,48413,2793
Scurry County,48415,16703
Shackelford County,48417,3265
Shelby County,48419,25274
Sherman County,48421,3022
Smith County,48423,232751
Somervell County,48425,9128
Starr County,48427,64633
Stephens County,48429,9366
Sterling County,48431,1291
Stonewall County,48433,1350
Sutton County,48435,3776
Swisher County,48437,7397
Tarrant County,48439,2102515
Taylor County,48441,138034
Terrell County,48443,776
Terry County,48445,12337
Throckmorton County,48447,1501
Titus County,48449,32750
Tom Green County,48451,119200
Travis County,48453,1273954
Trinity County,48455,14651
Tyler County,48457,21672
Upshur County,48459,41753
Upton County,48461,3657
Uvalde County,48463,26741
Val Verde County,48465,49025
Van Zandt County,48467,56590
Victoria County,48469,92084
Walker County,48471,72971
Waller County,48473,55246
Ward County,48475,11998
Washington County,48477,35882
Webb County,48479,276652
Wharton County,48481,41556
Wheeler County,48483,5056
Wichita County,48485,132230
Wilbarger County,48487,12769
Willacy County,48489,21358
Williamson County,48491,590551
Wilson County,48493,51070
Winkler County,48495,8010
Wise County,48497,69984
Wood County,48499,45539
Yoakum County,48501,8713
Young County,48503,18010
Zapata County,48505,14179
Zavala County,48507,11840
Beaver County,49001,6710
Box Elder County,49003,56046
Cache County,49005,128289
Carbon County,49007,20463
Daggett County,49009,950
Davis County,49011,355481
Duchesne County,49013,19938
Emery County,49015,10012
Garfield County,49017,5051
Grand County,49019,9754
Iron County,49021,54839
Juab County,49023,12017
Kane County,49025,7886
Millard County,49027,13188
Morgan County,49029,12124
Piute County,49031,1479
Rich County,49033,2483
Salt Lake County,49035,1160437
San Juan County,49037,15308
Sanpete County,49039,30939
Sevier County,49041,21620
Summit County,49043,42145
Tooele County,49045,72259
Uintah County,49047,35734
Utah County,49049,636235
Wasatch County,49051,34091
Washington County,49053,177556
Wayne County,49055,2711
Weber County,49057,260213
Addison County,50001,36777
Bennington County,50003,35470
Caledonia County,50005,29993
Chittenden County,50007,163774
Essex County,50009,6163
Franklin County,50011,49402
Grand Isle County,50013,7235
Lamoille County,50015,25362
Orange County,50017,28892
Orleans County,50019,27037
Rutland County,50021,58191
Washington County,50023,58409
Windham County,50025,42222
Windsor County,50027,55062
Accomack County,51001,32316
Albemarle County,51003,109330
Alleghany County,51005,14860
Amelia County,51007,13145
Amherst County,51009,31605
Appomattox County,51011,15911
Arlington County,51013,236842
Augusta County,51015,75558
Bath County,51017,4147
Bedford County,51019,78997
Bland County,51021,6280
Botetourt County,51023,33419
Brunswick County,51025,16231
Buchanan County,51027,21004
Buckingham County,51029,17148
Campbell County,51031,54885
Caroline County,51033,30725
Carroll County,51035,29791
Charles City County,51036,6963
Charlotte County,51037,11880
Chesterfield County,51041,352802
Clarke County,51043,14619
Craig County,51045,5131
Culpeper County,51047,52605
Cumberland County,51049,9932
Dickenson County,51051,14318
Dinwiddie County,51053,28544
Essex County,51057,10953
Fairfax County,51059,1147532
Fauquier County,51061,71222
Floyd County,51063,15749
Fluvanna County,51065,27270
Franklin County,51067,56042
Frederick County,51069,89313
Giles County,51071,16720
Gloucester County,51073,37348
Goochland County,51075,23753
Grayson County,51077,15550
Greene County,51079,19819
Greensville County,51081,11336
Halifax County,51083,33911
Hanover County,51085,107766
Henrico County,51087,330818
Henry County,51089,50557
Highland County,51091,2190
Isle of Wight County,51093,37109
James City County,51095,76523
King and Queen County,51097,7025
King George County,51099,26836
King William County,51101,17148
Lancaster County,51103,10603
Lee County,51105,23423
Loudoun County,51107,413538
Louisa County,51109,37591
Lunenburg County,51111,12196
Madison County,51113,13261
Mathews County,51115,8834
Mecklenburg County,51117,30587
Middlesex County,51119,10582
Montgomery County,51121,98535
Nelson County,51125,14930
New Kent County,51127,23091
Northampton County,51131,11710
Northumberland County,51133,12095
Nottoway County,51135,15232
Orange County,51137,37051
Page County,51139,23902
Patrick County,51141,17608
Pittsylvania County,51143,60354
Powhatan County,51145,29652
Prince Edward County,51147,22802
Prince George County,51149,38353
Prince William County,51153,470335
Pulaski County,51155,34027
Rappahannock County,51157,7370
Richmond County,51159,9023
Roanoke County,51161,94186
Rockbridge County,51163,22573
Rockingham County,51165,81948
Russell County,51167,26586
Scott County,51169,21566
Shenandoah County,51171,43616
Smyth County,51173,30104
Southampton County,51175,17631
Spotsylvania County,51177,136215
Stafford County,51179,152882
Surry County,51181,6422
Sussex County,51183,11159
Tazewell County,51185,40595
Warren County,51187,40164
Washington County,51191,53740
Westmoreland County,51193,18015
Wise County,51195,37383
Wythe County,51197,28684
York County,51199,68280
Alexandria city,51510,159428
Bristol city,51520,16762
Buena Vista city,51530,6478
Charlottesville city,51540,47266
Chesapeake city,51550,244835
Colonial Heights city,51570,17370
Covington city,51580,5538
Danville city,51590,40044
Emporia city,51595,5346
Fairfax city,51600,24019
Falls Church city,51610,14617
Franklin city,51620,7967
Fredericksburg city,51630,29036
Galax city,51640,6347
Hampton city,51650,134510
Harrisonburg city,51660,53016
Hopewell city,51670,22529
Lexington city,51678,7446
Lynchburg city,51680,82168
Manassas city,51683,41085
Manassas Park city,51685,17478
Martinsville city,51690,12554
Newport News city,51700,179225
Norfolk city,51710,242742
Norton city,51720,3981
Petersburg city,51730,31346
Poquoson city,51735,12271
Portsmouth city,51740,94398
Radford city,51750,18249
Richmond city,51760,230436
Roanoke city,51770,99143
Salem city,51775,25301
Staunton city,51790,24932
Suffolk city,51800,92108
Virginia Beach city,51810,449974
Waynesboro city,51820,22630
Williamsburg city,51830,14954
Winchester city,51840,28078
Adams County,53001,19983
Asotin County,53003,22582
Benton County,53005,204390
Chelan County,53007,77200
Clallam County,53009,77331
Clark County,53011,488241
Columbia County,53013,3985
Cowlitz County,53015,110593
Douglas County,53017,43429
Ferry County,53019,7627
Franklin County,53021,95222
Garfield County,53023,2225
Grant County,53025,97733
Grays Harbor County,53027,75061
Island County,53029,85141
Jefferson County,53031,32221
King County,53033,2252782
Kitsap County,53035,271473
Kittitas County,53037,47935
Klickitat County,53039,22425
Lewis County,53041,80707
Lincoln County,53043,10939
Mason County,53045,66768
Okanogan County,53047,42243
Pacific County,53049,22471
Pend Oreille County,53051,13724
Pierce County,53053,904980
San Juan County,53055,17582
Skagit County,53057,129205
Skamania County,53059,12083
Snohomish County,53061,822083
Spokane County,53063,522798
Stevens County,53065,45723
Thurston County,53067,290536
Wahkiakum County,53069,4488
Walla Walla County,53071,60760
Whatcom County,53073,229247
Whitman County,53075,50104
Yakima County,53077,250873
Barbour County,54001,16441
Berkeley County,54003,119171
Boone County,54005,21457
Braxton County,54007,13957
Brooke County,54009,21939
Cabell County,54011,91945
Calhoun County,54013,7109
Clay County,54015,8508
Doddridge County,54017,8448
Fayette County,54019,42406
Gilmer County,54021,7823
Grant County,54023,11568
Greenbrier County,54025,34662
Hampshire County,54027,23175
Hancock County,54029,28810
Hardy County,54031,13776
Harrison County,54033,67256
Jackson County,54035,28576
Jefferson County,54037,57146
Kanawha County,54039,178124
Lewis County,54041,15907
Lincoln County,54043,20409
Logan County,54045,32019
McDowell County,54047,17624
Marion County,54049,56072
Marshall County,54051,30531
Mason County,54053,26516
Mercer County,54055,58758
Mineral County,54057,26868
Mingo County,54059,23424
Monongalia County,54061,105612
Monroe County,54063,13275
Morgan County,54065,17884
Nicholas County,54067,24496
Ohio County,54069,41411
Pendleton County,54071,6969
Pleasants County,54073,7460
Pocahontas County,54075,8247
Preston County,54077,33432
Putnam County,54079,56450
Raleigh County,54081,73361
Randolph County,54083,28695
Ritchie County,54085,9554
Roane County,54087,13688
Summers County,54089,12573
Taylor County,54091,16695
Tucker County,54093,6839
Tyler County,54095,8591
Upshur County,54097,24176
Wayne County,54099,39402
Webster County,54101,8114
Wetzel County,54103,15065
Wirt County,54105,5821
Wood County,54107,83518
Wyoming County,54109,20394
Adams County,55001,20220
Ashland County,55003,15562
Barron County,55005,45244
Bayfield County,55007,15036
Brown County,55009,264542
Buffalo County,55011,13031
Burnett County,55013,15414
Calumet County,55015,50089
Chippewa County,55017,64658
Clark County,55019,34774
Columbia County,55021,57532
Crawford County,55023,16131
Dane County,55025,546695
Dodge County,55027,87839
Door County,55029,27668
Douglas County,55031,43150
Dunn County,55033,45368
Eau Claire County,55035,104646
Florence County,55037,4295
Fond du Lac County,55039,103403
Forest County,55041,9004
Grant County,55043,51439
Green County,55045,36960
Green Lake County,55047,18913
Iowa County,55049,23678
Iron County,55051,5687
Jackson County,55053,20643
Jefferson County,55055,84769
Juneau County,55057,26687
Kenosha County,55059,169561
Kewaunee County,55061,20434
La Crosse County,55063,118016
Lafayette County,55065,16665
Langlade County,55067,19189
Lincoln County,55069,27593
Manitowoc County,55071,78981
Marathon County,55073,135692
Marinette County,55075,40350
Marquette County,55077,15574
Menominee County,55078,4556
Milwaukee County,55079,945726
Monroe County,55081,46253
Oconto County,55083,37930
Oneida County,55085,35595
Outagamie County,55087,187885
Ozaukee County,55089,89221
Pepin County,55091,7287
Pierce County,55093,42754
Polk County,55095,43783
Portage County,55097,70772
Price County,55099,13351
Racine County,55101,196311
Richland County,55103,17252
Rock County,55105,163354
Rusk County,55107,14178
St. Croix County,55109,90687
Sauk County,55111,64442
Sawyer County,55113,16558
Shawano County,55115,40899
Sheboygan County,55117,115340
Taylor County,55119,20343
Trempealeau County,55121,29649
Vernon County,55123,30822
Vilas County,55125,22195
Walworth County,55127,103868
Washburn County,55129,15720
Washington County,55131,136034
Waukesha County,55133,404198
Waupaca County,55135,50990
Waushara County,55137,24443
Winnebago County,55139,171907
Wood County,55141,72999
Albany County,56001,38880
Big Horn County,56003,11790
Campbell County,56005,46341
Carbon County,56007,14800
Converse County,56009,13822
Crook County,56011,7584
Fremont County,56013,39261
Goshen County,56015,13211
Hot Springs County,56017,4413
Johnson County,56019,8445
Laramie County,56021,99500
Lincoln County,56023,19830
Natrona County,56025,79858
Niobrara County,56027,2356
Park County,56029,29194
Platte County,56031,8393
Sheridan County,56033,30485
Sublette County,56035,9831
Sweetwater County,56037,42343
Teton County,56039,23464
Uinta County,56041,20226
Washakie County,56043,7805
Weston County,56045,6927
Adjuntas Municipio,72001,17363
Aguada Municipio,72003,36694
Aguadilla Municipio,72005,50265
Aguas Buenas Municipio,72007,24814
Aibonito Municipio,72009,22108
A√±asco Municipio,72011,26161
Arecibo Municipio,72013,81966
Arroyo Municipio,72015,17238
Barceloneta Municipio,72017,23727
Barranquitas Municipio,72019,27725
Bayam√≥n Municipio,72021,169269
Cabo Rojo Municipio,72023,47515
Caguas Municipio,72025,124606
Camuy Municipio,72027,30504
Can√≥vanas Municipio,72029,44674
Carolina Municipio,72031,146984
Cata√±o Municipio,72033,23121
Cayey Municipio,72035,42409
Ceiba Municipio,72037,10904
Ciales Municipio,72039,15808
Cidra Municipio,72041,38307
Coamo Municipio,72043,38336
Comer√≠o Municipio,72045,18648
Corozal Municipio,72047,32293
Culebra Municipio,72049,1714
Dorado Municipio,72051,36141
Fajardo Municipio,72053,29454
Florida Municipio,72054,11317
Gu√°nica Municipio,72055,15383
Guayama Municipio,72057,39465
Guayanilla Municipio,72059,17623
Guaynabo Municipio,72061,83728
Gurabo Municipio,72063,47093
Hatillo Municipio,72065,39218
Hormigueros Municipio,72067,15518
Humacao Municipio,72069,50653
Isabela Municipio,72071,40423
Jayuya Municipio,72073,13891
Juana D√≠az Municipio,72075,44679
Juncos Municipio,72077,38155
Lajas Municipio,72079,22010
Lares Municipio,72081,24276
Las Mar√≠as Municipio,72083,7927
Las Piedras Municipio,72085,37007
Lo√≠za Municipio,72087,24553
Luquillo Municipio,72089,17665
Manat√≠ Municipio,72091,37287
Maricao Municipio,72093,5430
Maunabo Municipio,72095,10321
Mayag√ºez Municipio,72097,71530
Moca Municipio,72099,34891
Morovis Municipio,72101,30335
Naguabo Municipio,72103,25761
Naranjito Municipio,72105,27349
Orocovis Municipio,72107,20220
Patillas Municipio,72109,16211
Pe√±uelas Municipio,72111,19249
Ponce Municipio,72113,131881
Quebradillas Municipio,72115,22918
Rinc√≥n Municipio,72117,13656
R√≠o Grande Municipio,72119,48025
Sabana Grande Municipio,72121,21712
Salinas Municipio,72123,27128
San Germ√°n Municipio,72125,30227
San Juan Municipio,72127,318441
San Lorenzo Municipio,72129,35989
San Sebasti√°n Municipio,72131,35528
Santa Isabel Municipio,72133,21209
Toa Alta Municipio,72135,72025
Toa Baja Municipio,72137,74271
Trujillo Alto Municipio,72139,63674
Utuado Municipio,72141,27395
Vega Alta Municipio,72143,36061
Vega Baja Municipio,72145,50023
Vieques Municipio,72147,8386
Villalba Municipio,72149,21372
Yabucoa Municipio,72151,32282
Yauco Municipio,72153,33575
